<?xml version="1.0" encoding="UTF-8"?>
<metadata>
  <groupId>org.facebook4j</groupId>
  <artifactId>facebook4j-core</artifactId>
  <versioning>
    <latest>2.0.5</latest>
    <release>2.0.5</release>
    <versions>
      <version>0.1.0</version>
      <version>0.1.1</version>
      <version>0.1.2</version>
      <version>0.1.3</version>
      <version>0.1.4</version>
      <version>0.1.5</version>
      <version>1.0.0</version>
      <version>1.0.1</version>
      <version>1.1.0</version>
      <version>1.1.1</version>
      <version>1.1.2</version>
      <version>1.1.3</version>
      <version>1.1.4</version>
      <version>1.1.5</version>
      <version>1.1.6</version>
      <version>1.1.7</version>
      <version>1.1.8</version>
      <version>1.1.9</version>
      <version>1.1.10</version>
      <version>1.1.11</version>
      <version>1.1.12</version>
      <version>2.0.0</version>
      <version>2.0.1</version>
      <version>2.0.2</version>
      <version>2.0.3</version>
      <version>2.0.4</version>
      <version>2.0.5</version>
    </versions>
    <lastUpdated>20140314043658</lastUpdated>
  </versioning>
</metadata>
