<?xml version="1.0" encoding="UTF-8"?>
<metadata modelVersion="1.1.0">
  <groupId>org.facebook4j</groupId>
  <artifactId>facebook4j</artifactId>
  <version>2.0.5-SNAPSHOT</version>
  <versioning>
    <snapshot>
      <localCopy>true</localCopy>
    </snapshot>
    <lastUpdated>20140323170929</lastUpdated>
    <snapshotVersions>
      <snapshotVersion>
        <extension>pom</extension>
        <value>2.0.5-SNAPSHOT</value>
        <updated>20140323170929</updated>
      </snapshotVersion>
    </snapshotVersions>
  </versioning>
</metadata>
