<?xml version="1.0" encoding="UTF-8"?>
<metadata modelVersion="1.1.0">
  <groupId>org.facebook4j</groupId>
  <artifactId>facebook4j-core</artifactId>
  <version>2.0.6-SNAPSHOT</version>
  <versioning>
    <snapshot>
      <localCopy>true</localCopy>
    </snapshot>
    <lastUpdated>20140323171045</lastUpdated>
    <snapshotVersions>
      <snapshotVersion>
        <classifier>javadoc</classifier>
        <extension>jar</extension>
        <value>2.0.6-SNAPSHOT</value>
        <updated>20140323171045</updated>
      </snapshotVersion>
      <snapshotVersion>
        <classifier>sources</classifier>
        <extension>jar</extension>
        <value>2.0.6-SNAPSHOT</value>
        <updated>20140323171045</updated>
      </snapshotVersion>
      <snapshotVersion>
        <extension>jar</extension>
        <value>2.0.6-SNAPSHOT</value>
        <updated>20140323171045</updated>
      </snapshotVersion>
      <snapshotVersion>
        <extension>pom</extension>
        <value>2.0.6-SNAPSHOT</value>
        <updated>20140323171045</updated>
      </snapshotVersion>
    </snapshotVersions>
  </versioning>
</metadata>
